id;species;date;point;earring number;recap;sex;weight (g);reproductive condition;age;head (mm);body (mm);tail (mm);ear  height (mm);ear width (mm);tibia (mm);paw (mm);Testicle height (mm);Testicle width (mm);note (botflies)
1;Hylaeamys megacephalus;27/01/2019;1.6 S;56;;F;60;pregnant closed vagina;;35.3;69.3;99.9;20.8;14.1;34.1;27.6;;;
2;Hylaeamys megacephalus;27/01/2019;2.7 S;98;;F;59;pregnant closed vagina;;35.2;78.9;97.3;19.2;12.8;31.9;25.2;;;
3;Hylaeamys megacephalus;29/01/2019;1.1 S;27;;M;65;;;37.4;83.1;106.4;19.4;12.6;33.5;26.8;;;
4;Hylaeamys megacephalus;29/01/2019;5.8 S;117;;F;63;non-lactating pregnant;;34.1;79.2;102.2;19.9;14;32.5;27.3;;;
5;Hylaeamys megacephalus;29/01/2019;4.4 S;71;;M;65;;;37.7;84.3;106;20.08;15.2;35.2;27.8;;;
6;Hylaeamys megacephalus;29/01/2019;4.5 S;67;;F;52;closed vagina ;;31.6;75.7;107.1;19;13;30.7;27.1;;;
7;Hylaeamys megacephalus;29/01/2019;2.4 S;98;yes;F;;;;;;;;;;;;;
8;Hylaeamys megacephalus;30/01/2019;1.3 S;71;yes;M;;;;;;;;;;;;;
9;Hylaeamys megacephalus;30/01/2019;4.4 S;71;yes;M;;;;;;;;;;;;;
10;Hylaeamys megacephalus;01/05/2019;5.6 S;185;;F;49;pregnant lactating closed vagina;;32.1;74.8;99.3;18;10.6;33.1;27.6;;;
11;Hylaeamys megacephalus;01/05/2019;4.6 S;56;;M;46; abdominal testicles;;32.5;80.8;94;18.8;12.5;32;28;;;
12;Hylaeamys megacephalus;01/05/2019;4.7 S;66;;F;41;closed vagina ;;32.4;73.6;99.6;21.2;14.5;30.9;26.8;;;botfly in the inguinal region
13;Hylaeamys megacephalus;01/05/2019;3.5 S;67;;F;46;pregnant closed vagina;;37.4;94.2;106;16.4;14.3;32.4;27.6;;;botfly in the inguinal region
14;Hylaeamys megacephalus;01/05/2019;3.4 S;98;;F;53;pregnant closed vagina;;35.3;83.6;100.5;19.7;12.7;32.1;25.7;;;
15;Hylaeamys megacephalus;01/05/2019;1.1 S;108;;M;39.5; abdominal testicles;;34.3;74.8;104;17.6;11.9;30.6;27.6;;;
16;Hylaeamys megacephalus;02/05/2019;2.2 S;179;;M;51; abdominal testicles;;23.2;86;101.7;17.6;14.2;34.2;17;;;
17;Hylaeamys megacephalus;02/05/2019;1.8 S;55;;M;59; abdominal testicles;;37.9;92.9;114.8;;;34.3;27.5;;;
18;Hylaeamys megacephalus;02/05/2019;4.5 S;35;;F;25;pregnant lactating closed vagina;;27.2;51.1;73.2;16.8;12;26.3;25.3;;;
19;Hylaeamys megacephalus;02/05/2019;3.8 S;70;;F;38;pregnant closed vagina;;31.6;70.6;94.6;17.9;14.8;28.6;26.7;;;
20;Hylaeamys megacephalus;02/05/2019;5.4 S;103;;F;56;pregnant lactating closed vagina;;34.3;79.3;105.5;20;11.6;35.7;26.1;;;botfly lesion in the inguinal region
21;Hylaeamys megacephalus;02/05/2019;5.6 S;62;;F;28;pregnant closed vagina;;30.2;66.7;80;18.7;11.6;25.3;23.5;;;
22;Hylaeamys megacephalus;02/05/2019;4.3 S;96;;M;41; abdominal testicles;;35.1;81.5;105.9;20.8;12.2;31.6;28.5;;;individual ate the botfly
23;Hylaeamys megacephalus;03/05/2019;1.2 S;30;;M;35; abdominal testicles;;30.5;71.7;86.5;17.8;12.7;27.4;26.8;;;
24;Hylaeamys megacephalus;03/05/2019;2.3 S;54;;M;50; abdominal testicles;;34.1;79;100.7;17.9;13;32.4;27.4;;;
25;Hylaeamys megacephalus;03/05/2019;4.4 S;39;;M;54; abdominal testicles;;32;83.4;92.9;20;13.9;33;25.9;;;
26;Hylaeamys megacephalus;03/05/2019;4.5 S;;;F;23;non-reproductive;;28.6;56.7;68.5;18.7;12.4;26;24.9;;;died under anesthesia
27;Hylaeamys megacephalus;04/05/2019;5,7 S;;;M;26; abdominal testicles;;27.2;61.1;72.1;20;13.7;25.7;25;;;euthanized 
28;Hylaeamys megacephalus;04/05/2019;1.8 S;49;;M;62; abdominal testicles;;33.3;87.1;109.1;20.8;14.9;33.4;28.9;;;
29;Hylaeamys megacephalus;04/05/2019;2.7 A;110;;F;35;pregnant closed vagina;;30.3;70.5;89.4;18.9;11.9;27.3;25.7;;;
30;Hylaeamys megacephalus;04/05/2019;5.1 S;37;;F;45;non-reproductive;;34.6;78;94.6;18.7;13.8;31.8;25.6;;;
31;Hylaeamys megacephalus;05/05/2019;1.4 S;189;;M;61; abdominal testicles;;36.3;92.2;92.5;21.5;15.3;35;28.3;;;
32;Hylaeamys megacephalus;05/05/2019;1.7 S;45;;F;62;pregnant lactating closed vagina;;33.8;85.7;108.3;22.5;15;29.8;24.6;;;botfly in the inguinal region
33;Hylaeamys megacephalus;05/05/2019;3,3 S;53;;M;50; abdominal testicles;;34.3;74.7;102.7;19.2;14.4;33.5;29.3;;;
34;Hylaeamys megacephalus;05/05/2019;4.7 S;122;;M;48; abdominal testicles;;36.4;76.8;102.1;18.1;10.6;32;27.4;;;
35;Hylaeamys megacephalus;05/05/2019;5.6 S;125;;M;77; abdominal testicles;;36.8;89.1;117.3;;11.4;36;30.2;;;
36;Hylaeamys megacephalus;05/05/2019;4.1 S;52;;M;30;;;28.9;51.1;78.2;16.6;8.7;25.6;24.8;;;3 botfly in the inguinal region, 2 fallen and 1 colected. thin blood
37;Hylaeamys megacephalus;02/05/2019;3.5 S;67;yes;F;;;;;;;;;;;;;
38;Hylaeamys megacephalus;03/05/2019;3.2 S;96;yes;M;;;;;;;;;;;;;
39;Hylaeamys megacephalus;03/05/2019;5.7 S;185;yes;F;;;;;;;;;;;;;
40;Hylaeamys megacephalus;03/05/2019;4.7 S;56;yes;M;;;;;;;;;;;;;
41;Hylaeamys megacephalus;03/05/2019;2.1 S;108;yes;M;;;;;;;;;;;;;
42;Hylaeamys megacephalus;04/05/2019;1.3 S;179;yes;M;;;;;;;;;;;;;
43;Hylaeamys megacephalus;04/05/2019;2.1 S;108;yes;M;;;;;;;;;;;;;died 
44;Hylaeamys megacephalus;04/05/2019;4.5 S;67;yes;F;;;;;;;;;;;;;
45;Hylaeamys megacephalus;04/05/2019;4.4 S;98;yes;F;;;;;;;;;;;;;
46;Hylaeamys megacephalus;04/05/2019;5.6 S;62;yes;F;;;;;;;;;;;;;euthanized for identification
47;Hylaeamys megacephalus;05/05/2019;2.3 S;179;yes;M;;;;;;;;;;;;;
48;Hylaeamys megacephalus;05/05/2019;2.8 S;55;yes;M;;;;;;;;;;;;;
49;Hylaeamys megacephalus;05/05/2019;3.8 S;70;yes;F;;;;;;;;;;;;;
50;Hylaeamys megacephalus;05/05/2019;5.4 S;37;yes;F;;;;;;;;;;;;;
51;Hylaeamys megacephalus;31/08/2019;4.6 S;35;;F;60;closed vagina ;;36.2;88.4;113.7;19.2;15.5;36.3;29.6;;;lost the earring
52;Hylaeamys megacephalus;31/08/2019;4.5 S;67;;F;53;closed vagina ;;34.7;91.3;106;20.2;15.7;33.9;28;;;
53;Hylaeamys megacephalus;31/08/2019;4.3 S;430;;F;39;closed vagina ;;34.3;76.9;93.6;19.2;13.4;30.3;28.3;;;
54;Hylaeamys megacephalus;31/08/2019;3.7 S;55;;M;64; abdominal testicles;;39.4;95.7;115.3;21.8;16;35.1;28.2;;;
55;Hylaeamys megacephalus;31/08/2019;1.1 S;482;;F;65;closed vagina ;;31;79.3;96.1;15.4;10.3;25.8;22.8;;;
56;Hylaeamys megacephalus;01/09/2019;2.4 S;113;;M;59; abdominal testicles;;39.9;95.4;59.3;16.1;12.1;35.4;28.7;;;without the tip of the tail
57;Hylaeamys megacephalus;01/09/2019;5.4 S;34;;M;52; abdominal testicles;;34.5;77.3;95.1;18.8;11.5;33.7;27.3;;;
58;Hylaeamys megacephalus;01/09/2019;4.1 S;484;;M;58; abdominal testicles;;37.2;80.5;11.8;21;14.8;34.5;30;;;
59;Hylaeamys megacephalus;03/09/2019;3.3 S;98;;F;42;closed vagina ;;38.1;88.7;106.6;19.2;12;33.4;27.2;;;
60;Hylaeamys megacephalus;04/09/2019;4.6 S;70;;M;52;;;35.5;81.2;95.7;19.9;16.5;31.4;27.7;;;
61;Hylaeamys megacephalus;04/09/2019;5.4 S;465;;M;43; abdominal testicles;;34.9;85.6;110;17.8;13.1;33.8;28.9;;;paw injury
62;Hylaeamys megacephalus;02/09/2019;4.2 S;430;yes;F;;;;;;;;;;;;;
63;Hylaeamys megacephalus;02/09/2019;1.5 S;113;yes;M;;;;;;;;;;;;;
64;Hylaeamys megacephalus;03/09/2019;2.4 S;113;yes;M;;;;;;;;;;;;;
65;Hylaeamys megacephalus;03/09/2019;3.7 S;35;yes;F;;;;;;;;;;;;;
66;Hylaeamys megacephalus;03/09/2019;4.2 S;430;yes;F;;;;;;;;;;;;;
67;Hylaeamys megacephalus;03/09/2019;;34;yes;M;;;;;;;;;;;;;
68;Hylaeamys megacephalus;03/09/2019;4.5 S;67;yes;F;;;;;;;;;;;;;
69;Hylaeamys megacephalus;04/09/2019;3.8 S;34;yes;M;;;;;;;;;;;;;
70;Hylaeamys megacephalus;04/09/2019;3.4 S;113;yes;M;;;;;;;;;;;;;
71;Hylaeamys megacephalus;02/11/2019;4.4 S;67;;F;57;closed vagina pregnant?;;36.9;93;106.6;17.5;16.2;32.8;28.2;;;
72;Hylaeamys megacephalus;02/11/2019;3.6 S;35;;F;75;pregnant lactating open vagina;;36.5;95.4;117.9;20.7;14.2;36.4;28.6;;;
73;Hylaeamys megacephalus;02/11/2019;2.8 S;419;;F;83;pregnant lactating open vagina;;41.1;93.3;108.8;20;12.8;38.2;28.8;;;
74;Hylaeamys megacephalus;02/11/2019;1.6 S;448;;F;73;lactating ;;37.6;91;120.3;;;36.1;29.6;;;botfly in the inguinal region
75;Hylaeamys megacephalus;04/11/2019;1.6 S;180;;F;64;closed vagina lactating;;35.9;87;111.9;21.7;12;33.6;27.8;;;
76;Hylaeamys megacephalus;05/11/2019;1.3 S;372;;M;25;;;31,.0;63.3;79.7;17.3;11.4;26.7;24.8;;;
77;Hylaeamys megacephalus;03/11/2019;4.6 S;35;yes;F;;;;;;;;;;;;;
78;Hylaeamys megacephalus;05/11/2019;3.7 S;35;yes;F;;;;;;;;;;;;;
79;Hylaeamys megacephalus;03/06/2021;4.1 A;35;not;M;35; abdominal testicles;;37.7;63.7;104.2;14.1;7.6;28.2;21.9;10.9;11.1;
80;Hylaeamys megacephalus;05/06/2021;1.4 A;24;not;F;70;closed vagina ;;41.9;90.2;106.8;19.2;17.9;37.1;30.2;;;
81;Hylaeamys megacephalus;05/06/2021;4.3 A;14;not;M;;;;34.9;77.4;96.2;16.2;14.1;33.4;30.1;;;
82;Hylaeamys megacephalus;05/06/2021;1.6 A;18;not;M;25;;;40.3;61.2;98.6;17.6;13.3;28;26.9;;;
83;Hylaeamys megacephalus;06/06/2021;5.3 A;70;not;M;37;;juvenile;36;74.7;98.8;16.5;14;32.5;28.4;;;
84;Hylaeamys megacephalus;06/06/2021;1.5 A;2;not;F;30;closed vagina ;juvenile;32.7;69.9;88.1;19;16.2;21;28.1;;;
85;Hylaeamys megacephalus;06/06/2021;5.6 A;18;yes;M;;;;;;;;;;;;;
86;Hylaeamys megacephalus;06/06/2021;.5.4 A;94;not;M;24;;juvenile;35.4;75.2;97.2;20;15;33.3;26.6;;;
87;Hylaeamys megacephalus;21/10/2021;2.8S;266;not;M;75; abdominal testicles;;35.9;81.3;118;18.6;13.9;34.4;26.7;;;
88;Hylaeamys megacephalus;21/10/2021;5.4S;263;not;F;56;open vagina lactanting;;35.1;94.5;108;13.6;13.6;28.7;26.9;;;
89;Hylaeamys megacephalus;22/10/2021;4.2S;255;not;M;56;;;37.3;84.6;93.1;16.9;13;34.5;27.7;12.8;9.6;
90;Hylaeamys megacephalus;22/10/2021;5.8S;253;not;M;41;;;36.6;74.2;103.3;17.4;9.9;33.3;28.1;;;
91;Hylaeamys megacephalus;22/10/2021;5.5S;272;not;F;54;pregnant;adult;36.7;68.1;80.7;15.9;11;26.5;24.8;;;
92;Hylaeamys megacephalus;22/10/2021;2.2S;274;not;F;;;;43;85.4;102.9;18.1;14.6;33.4;27.1;;;
93;Hylaeamys megacephalus;24/10/2021;4.2S;296;;;;;;;;;;;;;;;
94;Hylaeamys megacephalus;25/10/2021;2.7S;266;yes;;;;;;;;;;;;;;
95;Hylaeamys megacephalus;25/10/2021;2.1S;274;yes;;59;;;;;;;;;;;;
96;Hylaeamys megacephalus;25/10/2021;4.3S;296;yes;;;;;;;;;;;;;;
97;Hylaeamys megacephalus;16/11/2021;2.5S;253;not;M;49;;adult;35.5;85;103.8;21.2;12.1;33.6;26.2;14.4;13.5;botfly and tick
98;Hylaeamys megacephalus;19/12/2021;1.8S;258;not;M;53; abdominal testicles;;36;78;100;18;11;33;26;;;swelling the tip of the tail
99;Hylaeamys megacephalus;20/12/2021;1.8S;253;yes;;;;;;;;;;;;;;
100;Hylaeamys megacephalus;21/12/2021;1.2S;118;not;M;68;scrotal testicles;;37;82;112;18;17;34;28;;;
101;Hylaeamys megacephalus;18/1/2022;1.3S;118;not;M;65;;;35.6;;113.7;21;15.7;34.8;27.6;18.9;15.3;botfly
102;Hylaeamys megacephalus;18/1/2022;2.3S;144;not;F;53;lactating pregnant;;33.3;82.2;112.8;20.8;15.6;32.8;27.9;;;botfly
103;Hylaeamys megacephalus;19/01/2022;4.6S;193;not;F;74;pregnant;;36.4;89.2;82.7;17;14.5;31.5;28;;;mites, cut tail
104;Hylaeamys megacephalus;19/01/2022;1.1S;118;yes;;;;;;;;;;;;;;
105;Hylaeamys megacephalus;19/01/2022;4.4S;135;not;F;69;pregnant ;;38.2;83.9;116;20.1;9.4;33.8;28.2;;;mites
106;Hylaeamys megacephalus;21/01/2022;1.2S;118;yes;;;;;;;;;;;;;;
107;Hylaeamys megacephalus;21/01/2022;3.4S;135;yes;;;;;;;;;;;;;;
108;Hylaeamys megacephalus;21/01/2022;2.2S;161;not;M;; abdominal testicles;pup;23.5;44.8;63.6;14.7;10;20.3;21.9;;;mites
109;Hylaeamys megacephalus;21/01/2022;2.2S;168;not;M;11; abdominal testicles;pup;25.5;37.9;61.4;13.1;10.6;20;22.8;;;mites
110;Hylaeamys megacephalus;22/01/2022;3.2S;135;yes;;;;;;;;;;;;;;
111;Hylaeamys megacephalus;16/02/2022;1.6S;261;not;M;23g; abdominal testicles;pup;29.3;62.8;81.8;18.3;11.1;28.1;25.5;;;mites
112;Hylaeamys megacephalus;17/02/2022;2.5S;160;not;F;32g;closed vagina ;;31.5;58.2;96.1;17.6;12.7;25.6;26.1;;;
113;Hylaeamys megacephalus;19/02/2022;1.1S;141;not;F;39g;closed vagina ;;34.1;74.1;99.1;19;11.4;31.2;30.2;;;mites
114;Hylaeamys megacephalus;30/03/2022;5.4S;155;not;M;32g; abdominal testicles;;40;60;82;15;10;21;25;10;10;botfly in the inguinal region
115;Hylaeamys megacephalus;30/03/2022;5.8S;269;not;F;55g;pregnant closed vagina;adulta;40;83;93;15;15;25;30;;;tick 
116;Hylaeamys megacephalus;31/03/2022;5.8S;269;yes;F;;;;;;;;;;;;;
117;Hylaeamys megacephalus;31/03/2022;2.6S;117;not;F;24g;;pup;28.2;43;73.7;14;10.8;21;24.7;;;
118;Hylaeamys megacephalus;31/03/2022;2.5S;160;not;F;;pregnant ;;33.7;74.3;103.8;10.9;14.8;29.6;26;;;mites
119;Hylaeamys megacephalus;01/04/2022;5.4S;155;yes;;;;;;;;;;;;;;
120;Hylaeamys megacephalus;01/04/2022;5.8S;269;yes;;;;;;;;;;;;;;
121;Hylaeamys megacephalus;01/04/2022;4.6S;150;not;F;47g;pregnant ;;34.6;79;92;18.4;11.6;27.1;27.7;;;mites
122;Hylaeamys megacephalus;01/04/2022;1.2S;181;not;F;45g;pregnant ;;31.2;66;92.7;16;10.4;29.8;26.9;;;mites
123;Hylaeamys megacephalus;01/04/2022;3.4S;179;not;F;16g;;juvenile/pup;29.3;40.9;81;17.3;11.2;23.1;22.5;;;
124;Hylaeamys megacephalus;01/04/2022;2.1S;136;not;M;27g; abdominal testicles;juvenile;32.3;55.6;83.6;18.5;12.3;27.4;25.4;;;
125;Hylaeamys megacephalus;02/04/2022;1.2S;181;yes;;;;;;;;;;;;;;
126;Hylaeamys megacephalus;02/04/2022;1.5S;117;yes;;;;;;;;;;;;;;
127;Hylaeamys megacephalus;02/04/2022;5.4S;155;yes;;;;;;;;;;;;;;
128;Hylaeamys megacephalus;02/04/2022;5.5S;150;yes;;;;;;;;;;;;;;
129;Hylaeamys megacephalus;02/04/2022;5.8S;269;yes;;;;;;;;;;;;;;
130;Hylaeamys megacephalus;02/04/2022;2.8S;300;not;F;12,5g;;pup;26.8;42;61;11.9;9;21.3;22.6;;;mits
131;Hylaeamys megacephalus;02/04/2022;2.8S;ran away;not;;;;pup;32.4;;;;;;;;;ran away
132;Hylaeamys megacephalus;03/04/2022;2.1S;136;yes;;;;;;;;;;;;;;
133;Hylaeamys megacephalus;03/04/2022;2.7S;171;not;M;36g;scrotal testicles;;30.9;75.3;92.1;13.9;13.5;28.8;26;10.3;10.9;mites
134;Hylaeamys megacephalus;03/04/2022;2.7S;171;not;M;36g;scrotal testicles;;30.9;75.3;92.1;13.9;13.5;28.8;26;10.3;10.9;died 
135;Hylaeamys megacephalus;19/04/2022;4.4S;138;not;M;; abdominal testicles;juvenile;35.4;62.9;89.6;;;27.6;28.1;;;died 
136;Hylaeamys megacephalus;19/04/2022;3.1S;148;not;F;59g;closed vagina ;adult;37.3;79;104.5;17.1;9.3;29.5;28;;;
137;Hylaeamys megacephalus;19/04/2022;3.8S;171;not;M;46g; abdominal testicles;adult;33.5;76.2;96.4;18.9;11.4;28.2;27.6;8.4;8;botfly not collected because it is in its early stages
138;Hylaeamys megacephalus;19/04/2022;4.7S;269;not;F;62g;pregnant;adult;32.6;82.2;100.2;17.2;9.9;29.8;29.2;;;mites
139;Hylaeamys megacephalus;19/04/2022;5.5S;150;not;F;46g;closed vagina ;;33.9;71.2;94.4;17.6;11.9;27.2;26.4;;;botfly colected 
140;Hylaeamys megacephalus;19/04/2022;1.1S;525;not;M;46g; abdominal testicles;;33.7;88.3;100.1;17.1;17.7;28.4;26.1;;;
141;Hylaeamys megacephalus;19/04/2022;2.1S;514;not;M;43g; abdominal testicles;;38.2;61.9;96.6;15;12.9;30;26;;;botfly colected
142;Hylaeamys megacephalus;19/04/2022;2.6S;117;not;M;30g; abdominal testicles;juvenile;28;48.7;82.6;12.7;11.6;25.1;23.1;;;
143;Hylaeamys megacephalus;20/04/2022;5.2S;181;not;F;37g;closed vagina ;;31.8;;;;;;;;;
144;Hylaeamys megacephalus;20/04/2022;5.7S;269;yes;;;;;;;;;;;;;;
145;Hylaeamys megacephalus;20/04/2022;4.5S;150;yes;;;;;;;;;;;;;;
146;Hylaeamys megacephalus;20/04/2022;2.7;171;yes;M;;;;;;;;;;;;;botfly not collected because it is in its early stages
147;Hylaeamys megacephalus;21/04/2022;3.2S;181;yes;;;;;;;;;;;;;;
148;Hylaeamys megacephalus;21/04/2022;2.1S;525;yes;;;;;;;;;;;;;;
149;Hylaeamys megacephalus;21/04/2022;4.7S;171;yes;;;;;;;;;;;;;;
150;Hylaeamys megacephalus;21/04/2022;5.7S;199;not;M;51g; abdominal testicles;adult;37.4;80.7;108.4;13.2;12.3;36.2;30;17;10.8;mites
151;Hylaeamys megacephalus;22/04/2022;2.1S;514;yes;;;;;;;;;;;;;;
152;Hylaeamys megacephalus;22/04/2022;5.4S;155;not;M;; abdominal testicles;juvenile;1.2;63.4;86.9;14.9;12;28.5;25.2;;;botfly in the inguinal region
153;Hylaeamys megacephalus;22/04/2022;2.8S;195;not;;;;;;;;;;;;;;ran away
154;Hylaeamys megacephalus;22/04/2022;1.2S;511;not;F;36,5g;closed vagina ;;34.5;59.9;101;15.5;14.1;31.1;29.1;;;
155;Hylaeamys megacephalus;22/04/2022;5.6S;199;yes;;;;;;;;;;;;;;
156;Hylaeamys megacephalus;22/04/2022;4.6S;150;yes;;;;;;;;;;;;;;
157;Hylaeamys megacephalus;23/04/2022;4.7S;105;not;M;63g;scrotal testicles;adult;41.8;68.1;105;15.8;10.1;3.2;30.6;18.2;13.4;mites
158;Hylaeamys megacephalus;23/04/2022;1.4S;523;not;F;49g;closed vagina ;adulta;8.2;77.2;106;18.2;13.4;31.9;28.3;;;2 botfly, 1 more developed in the inguinal region and another less developed in the vagina
159;Hylaeamys megacephalus;23/04/2022;2.6S;117;not;F;30g;closed vagina ;juvenile;32.3;58;88.8;18.3;11;27.6;25.9;;;changing color 
160;Hylaeamys megacephalus;23/04/2022;5.1S;181;yes;;;;;;;;;;;;;;
161;Hylaeamys megacephalus;23/04/2022;5.7S;199;yes;;;;;;;;;;;;;;
162;Hylaeamys megacephalus;23/04/2022;4.6S;150;yes;;;;;;;;;;;;;;
163;Hylaeamys megacephalus;23/04/2022;2.1S;514;yes;;;;;;;;;;;;;;
164;Hylaeamys megacephalus;17/05/2022;5.7S;199;not;M;62;abdominal testicles;adult;35.5;96;112;18;13;32.5;29;NA;NA;
165;Hylaeamys megacephalus;17/05/2022;1.6S;117;not;F;32.5;closed vagina ;;18.1;35.8;96.5;NA;NA;30;26;;;
166;Hylaeamys megacephalus;17/05/2022;2.4S;200;not;F;51;open vagina ;;31;76;17;17;12.5;31;27;;;
167;Hylaeamys megacephalus;17/05/2022;3.6S;150;not;F;46.5;lactating ;adult;33.5;73;98;19;14.5;32;26.5;;;mites
168;Hylaeamys megacephalus;17/05/2022;2.1S;148;not;F;56.5;open vagina ;;37;88.5;110;19;13.5;33;29;;;
169;Hylaeamys megacephalus;17/05/2022;1.5S;506;not;M;58;abdominal testicles;;NA;NA;NA;NA;NA;NA;NA;NA;NA;very agitated individual, we were unable to measure
170;Hylaeamys megacephalus;17/05/2022;5.3S;503;not;F;38.2;closed vagina ;;35;67;97;15;11;28.5;27;;;botfly in the inguinal region
171;Hylaeamys megacephalus;17/05/2022;1.1S;525;not;M;17.2;hiden testicles;;17.2;41.1;17;7;NA;33;31;NA;NA;
172;Hylaeamys megacephalus;17/05/2022;3.3S;514;not;M;44.5;scrotal testicles;;35.5;71;98;17;13;33;26;14.5;14;broken tail
173;Hylaeamys megacephalus;17/05/2022;1.4A;182;not;F;71.2;open vagina ;;40.6;90.8;145;NA;NA;30.3;20.9;;;
174;Hylaeamys megacephalus;18/05/2022;3.2S;181;not;F;40g;closed vagina ;;36;67.6;97.5;17.9;13.1;29.4;28;;;mites
175;Hylaeamys megacephalus;18/05/2022;2.5S;155;not;M;38g;abdominal testicles;;33;73;88;16;10;31;25;;;tick colected
176;Hylaeamys megacephalus;18/05/2022;2.4S;151;not;M;63g;;;39;86;104.5;17;10;36;28;;;
177;Hylaeamys megacephalus;18/05/2022;4.6S;150;yes;;;;;;;;;;;;;;
178;Hylaeamys megacephalus;18/05/2022;4.7S;199;yes;;;;;;;;;;;;;;
179;Hylaeamys megacephalus;18/05/2022;2.2S;514;yes;;;;;;;;;;;;;;
180;Hylaeamys megacephalus;19/05/2022;1.5S;506;yes;M;;;;37;74;125;;;31.5;28;;;
181;Hylaeamys megacephalus;19/05/2022;1.6S;117;yes;;;;;;;;;;;;;;died (cold)
182;Hylaeamys megacephalus;19/05/2022;1.5S;506;yes;;;;;;;;;;;;;;
183;Hylaeamys megacephalus;19/05/2022;5.7S;199;yes;;;;;;;;;;;;;;
184;Hylaeamys megacephalus;19/05/2022;2.4S;200;yes;;;;;;;;;;;;;;
185;Hylaeamys megacephalus;19/05/2022;4.6S;150;yes;;;;;;;;;;;;;;
186;Hylaeamys megacephalus;19/05/2022;3.4S;151;yes;;;;;;;;;;;;;;
187;Hylaeamys megacephalus;19/05/2022;3.2S;181;yes;;;;;;;;;;;;;;
188;Hylaeamys megacephalus;19/05/2022;4.2S;514;yes;;;;;;;;;;;;;;
189;Hylaeamys megacephalus;19/05/2022;4.5S;155;yes;;;;;;;;;;;;;;
190;Hylaeamys megacephalus;20/05/2022;3.2S;181;not;F;35;closed vagina ;;34.5;69.1;95.9;15.1;11.1;30.7;24.9;;;
191;Hylaeamys megacephalus;20/05/2022;1.7S;195;not;F;40;closed vagina ;;35.3;75.2;73.2;17.4;12.5;31;26.5;;;tail injury
192;Hylaeamys megacephalus;20/05/2022;3.4S;151;yes;;;;;;;;;;;;;;
193;Hylaeamys megacephalus;20/05/2022;3.6S;150;yes;;;;;;;;;;;;;;
194;Hylaeamys megacephalus;20/05/2022;4.7S;199;yes;;;;;;;;;;;;;;died (cold)
195;Hylaeamys megacephalus;20/05/2022;5.4S;155;yes;;;;;;;;;;;;;;died (cold)
196;Hylaeamys megacephalus;20/05/2022;1.5S;523;yes;;;;;;;;;;;;;;died (cold)
197;Hylaeamys megacephalus;20/05/2022;1.1S ;525;yes;;;;;;;;;;;;;;
198;Hylaeamys megacephalus;20/05/2022;1.3S;506;yes;;;;;;;;;;;;;;
199;Hylaeamys megacephalus;20/05/2022;2.1S;148;yes;;;;;;;;;;;;;;
200;Hylaeamys megacephalus;14/06/2022;3.4S;200;not;F;40;closed vagina ;juvenile;36.2;69.7;97.7;16.5;12.1;32.5;25.6;;;changing color 
201;Hylaeamys megacephalus;14/06/2022;5.3S;181;not;F;46.5;closed vagina ;adult;36.6;65.6;98.6;15.3;11.2;30.9;29.1;;;mites
202;Hylaeamys megacephalus;14/06/2022;5.5S;590;not;F;54.5;closed vagina ;adult;38.8;82.2;94.5;16.4;13.2;37.5;31.3;;;mites
203;Hylaeamys megacephalus;14/06/2022;3.7S;554;not;M;56;abdominal testicles;;37.4;78.8;115.3;16.6;11.2;34.1;29.8;;;mites
204;Hylaeamys megacephalus;14/06/2022;5.4S;151;not;M;52;abdominal testicles;;?;77.1;103.6;;;34;27.7;;;mites
205;Hylaeamys megacephalus;14/06/2022;1.1S;525;not;;;;;;;;;;;;;;
206;Hylaeamys megacephalus;15/06/2022;5.2S;515;not;F;20;closed vagina ;pup;36.5;58;89.1;15.4;11.9;25.6;24.9;;;mites
207;Hylaeamys megacephalus;15/06/2022;1.5S;506;not;M;;abdominal testicles;;40.8;92.3;112.6;16.8;11.8;27;28.6;;;
208;Hylaeamys megacephalus;15/06/2022;;590;yes;;;;;;;;;;;;;;
209;Hylaeamys megacephalus;15/06/2022;4.4S;115;yes;;;;;;;;;;;;;;
210;Hylaeamys megacephalus;15/06/2022;4.3S;181;yes;;;;;;;;;;;;;;
211;Hylaeamys megacephalus;15/06/2022;3.7S;554;yes;;;;;;;;;;;;;;
212;Hylaeamys megacephalus;15/06/2022;3.4S;200;yes;;;;;;;;;;;;;;
213;Hylaeamys megacephalus;15/06/2022;1.1S;525;yes;;;;;;;;;;;;;;
214;Hylaeamys megacephalus;17/06/2022;4.5S;552;not;M;?;abdominal testicles;;41.5;87.8;89.5;14.4;11;34.1;27.6;;;
215;Hylaeamys megacephalus;17/06/2022;1.7S;599;not;M;52;abdominal testicles;;38.3;83.8;108.2;17.1;12.4;38.7;29;;;mites
216;Hylaeamys megacephalus;17/06/2022;2.3S;511;not;F;53;lactating ;adult;36.9;85.4;101;19.7;12.1;34.4;28.8;;;
217;Hylaeamys megacephalus;17/06/2022;5.7S;105;not;M;62;abdominal testicles;;39.2;92.7;103.9;23;13.3;27;29.6;;;mites
218;Hylaeamys megacephalus;17/06/2022;2.7S;195;not;F;47;pregnant;;37.3;77.9;76.4;16.7;14.3;31.5;27.1;;;tail injury
219;Hylaeamys megacephalus;17/06/2022;2.4S;525;yes;;;;;;;;;;;;;;
220;Hylaeamys megacephalus;17/06/2022;5.5S;151;yes;;;;;;;;;;;;;;died (cold)
221;Hylaeamys megacephalus;18/06/2022;3.7S;528;not;F;46;pregnant closed vagina;adult;38.7;81.4;100.8;17.3;10.6;30.4;25.4;;;
222;Hylaeamys megacephalus;18/06/2022;4.6S;150;not;F;49;closed vagina ;adult;38.5;80.6;96.5;17.3;10.5;31.7;27.6;;;mites
223;Hylaeamys megacephalus;18/06/2022;2.3S;200;yes;;;;;;;;;;;;;;
224;Hylaeamys megacephalus;09/08/2022;2.3S;200;not;F;58;closed vagina ;adult;33.1;69.2;93.5;12.5;6.7;31.3;26.5;;;mites
225;Hylaeamys megacephalus;09/08/2022;5.5S;590;not;F;74.5;pregnant;adult;23.7;77.3;110.2;17.2;10.6;33.6;26.3;;;
226;Hylaeamys megacephalus;09/08/2022;2.3A;552;not;M;75;hiden testicles;;32.6;85.5;114;20.7;15.2;30.3;30.2;;;
227;Hylaeamys megacephalus;09/08/2022;1.5S;547;not;F;54;closed vagina ;adult;35.6;80.4;95.6;19.9;12;31.1;27.1;;;
228;Hylaeamys megacephalus;12/08/2022;1.1S;511;not;F;74;pregnant;adult;37.6;79;111.5;18.3;14.4;32.5;26.8;;;
229;Hylaeamys megacephalus;13/08/2022;2.3S;200;yes;F;;;;;;;;;;;;;died
230;Hylaeamys megacephalus;13/08/2022;1.7S;9;not;F;52;closed vagina ;adult;32.4;94.1;103.8;16.1;12.6;31.6;27.3;;;
231;Hylaeamys megacephalus;13/08/2022;1.4S;544;not;M;48;abdominal testicles;juvenile;39.3;73.3;98.7;15.4;14.5;14.2;12.6;;;lost the earring
232;Hylaeamys megacephalus;13/08/2022;3.4S;540;not;M;44.5;abdominal testicles;juvenile;34.8;82.5;103.5;15.5;13.7;36.2;29;;;
233;Hylaeamys megacephalus;13/08/2022;4.3S;ran away;not;F;;;;27;80.9;100.9;;;34.3;27.1;;;ran away
234;Hylaeamys megacephalus;13/08/2022;1.1S;511;yes;F;;;;;;;;;;;;;
235;Hylaeamys megacephalus;13/08/2022;2.1A;125;?;F;;;;;;;;;;;;;died
236;Hylaeamys megacephalus;14/08/2022;1.1S;511;yes;;;;;;;;;;;;;;
237;Hylaeamys megacephalus;14/08/2022;4.7S;552;yes;;;;;;;;;;;;;;
238;Hylaeamys megacephalus;14/08/2022;1.7S;9;yes;;;;;;;;;;;;;;died
239;Hylaeamys megacephalus;15/08/2022;4.5S;150;?;F;65;closed vagina ;adult;38;92;98;19;9;32;27;;;
240;Hylaeamys megacephalus;15/08/2022;1.7S;195;?;F;56;closed vagina ;adult;37;85;84;18;12;31;25;;;
241;Hylaeamys megacephalus;15/08/2022;5.6S;552;yes;;;;;;;;;;;;;;
242;Hylaeamys megacephalus;08/09/2022;4.7S;544;not;M;47;;adult;40.6;73.1;98.5;16.4;11.1;29.5;26.7;15.4;11.1;earring in the right ear 
243;Hylaeamys megacephalus;08/09/2022;4.4S;335;not;M;52;abdominal testicles;adult;40.5;80.4;102.7;16.7;13.5;31.3;28.4;13.1;9.4;lost the earring
244;Hylaeamys megacephalus;08/09/2022;5.5S;590;not;F;46;closed vagina ;adult;38.5;71.4;107.7;14.5;12.6;34.3;28.6;;;mites
245;Hylaeamys megacephalus;08/09/2022;1.2S;511;not;F;71;pregnant ;adult;40;96.5;110.3;18.1;11.5;34.2;26.9;;;
246;Hylaeamys megacephalus;08/09/2022;4.3S;332;not;F;62;pregnant;adult;38;86.5;107.9;15.1;10.8;27.2;26.7;;;
247;Hylaeamys megacephalus;09/09/2022;4.3S;332;yes;;;;;;;;;;;;;;
248;Hylaeamys megacephalus;10/09/2022;5.8S;590;yes;;;;;;;;;;;;;;
249;Hylaeamys megacephalus;11/09/2022;2.2S;332;yes;;;;;;;;;;;;;;
250;Hylaeamys megacephalus;11/09/2022;5.4S;mark on the fur;not;F;;closed vagina ;adult;33.7;85.4;106.5;20.4;14.2;33.7;27.5;;;mites
251;Hylaeamys megacephalus;11/09/2022;4.5S;390;yes;;;;;;;;;;;;;;
252;Hylaeamys megacephalus;14/02/2023;5.6S;2511;not;F;44;closed vagina ;adult;36.1;83.3;90.2;18.8;10.6;32.8;26.2;;;
253;Hylaeamys megacephalus;14/02/2023;2.6S;2573;not;;;pregnant ;;;;87.5;;;;;;;very agitated individual, we were unable to measure
254;Hylaeamys megacephalus;14/02/2023;1.1S;2524;not;F;40;pregnant closed vagina;adult;36.1;76.7;93.5;17.8;14.2;31.8;27.1;;;
255;Hylaeamys megacephalus;14/02/2023;5.5S;2508;not;F;63;closed vagina ;adult;40.3;85.6;150;17.9;12.6;34.8;27.6;;;lost the earring
256;Hylaeamys megacephalus;15/02/2023;2.8S;195;not;F;52;pregnant closed vagina;adult;36.3;89.5;84.6;19.2;15.9;33.9;25.8;;;
257;Hylaeamys megacephalus;15/02/2023;4.5S;2546;not;M;40;;adult;33.7;82.3;89.1;18.7;10.9;31.3;25.4;15.6;12.4;
258;Hylaeamys megacephalus;15/02/2023;4.6S;2508;yes;;;;;;;;;;;;;;
259;Hylaeamys megacephalus;16/02/2023;5.7S;2547;not;F;9;;juvenile;31.5;59.2;87.9;15.2;11.3;26.7;23.2;;;
260;Hylaeamys megacephalus;16/02/2023;4.3S;2534;not;M;77;;adult;33;80.9;94.6;18.4;10.9;33.1;28.7;10.6;16.9;sedative had no effect
261;Hylaeamys megacephalus;16/02/2023;2.8S;195;yes;;;;;;;;;;;;;;
262;Hylaeamys megacephalus;17/02/2023;3.2S;2534;yes;;;;;;;;;;;;;;
263;Hylaeamys megacephalus;17/02/2023;2.8S;195;yes;;;;;;;;;;;;;;dead in the trap
264;Hylaeamys megacephalus;17/02/2023;3.2;2544;not;F;38;closed vagina ;adult;41;76.2;93.6;18.7;16;30.3;26.6;;;
265;Hylaeamys megacephalus;18/02/2023;5.1S;2540;not;F;55;pregnant closed vagina;adult;41.6;80.9;109.9;18.2;16.2;33.4;28.8;;;
266;Hylaeamys megacephalus;18/02/2023;1.1S;2503;not;M;53;abdominal testicles;;37.6;89;113.7;20.5;15.6;32.8;27.2;;;
267;Hylaeamys megacephalus;16/04/2023;1.7S;2502;not;M;32;abdominal testicles;;31.8;65;92.6;18.7;9.2;27.8;25.8;;;mites
268;Hylaeamys megacephalus;16/04/2023;1.5S;2523;not;M;45;abdominal testicles;;38.5;89.9;109.8;19.5;11.3;32.8;28.3;;;
269;Hylaeamys megacephalus;16/04/2023;5.4S;2546;not;M;50;;;36.6;91.5;96.3;18.1;11;32.8;26.4;12;14.8;botfly in the inguinal region
270;Hylaeamys megacephalus;16/04/2023;3.6S;2573;not;F;55;closed vagina ;;35.4;93.1;109.5;20.2;16.4;31.6;27.4;;;
271;Hylaeamys megacephalus;16/04/2023;3.7S;2506;not;F;55;closed vagina ;adult;37.3;85.3;103.2;17;;34.5;29.6;;;botfly in the inguinal region
272;Hylaeamys megacephalus;17/04/2023;1.5S;2523;yes;;;;;;;;;;;;;;
273;Hylaeamys megacephalus;17/04/2023;1.7S;2502;yes;;;;;;;;;;;;;;
274;Hylaeamys megacephalus;17/04/2023;2.5S;2827;not;F;;;adult;;;;;;;;;;very agitated individual, we were unable to measure
275;Hylaeamys megacephalus;17/04/2023;4.5S;2828;not;M;58;;adult;35.3;87;102.6;17;12.6;29.9;30;12.3;12;botfly in the testicle 
276;Hylaeamys megacephalus;18/04/2023;1.7S;2502;yes;;;;;;;;;;;;;;
277;Hylaeamys megacephalus;18/04/2023;1.5S;2523;yes;;;;;;;;;;;;;;
278;Hylaeamys megacephalus;18/04/2023;5.7S;2511;not;F;64;pregnant closed vagina;adult;39.5;84;104.3;16.9;11.1;30;31.4;;;
279;Hylaeamys megacephalus;18/04/2023;2.3S;2808;not;M;;;juvenile (bicolor);37.3;70.1;103.1;15.7;8.7;25.8;28.8;10.5;9.1;bicolor hair, mites
280;Hylaeamys megacephalus;18/04/2023;3.5S;2504;not;F;30;;juvenile ;31.9;61.8;82;15.8;9.8;23.6;26.3;;;botfly in the inguinal region
281;Hylaeamys megacephalus;19/04/2023;3.5A;2520;yes;;;;;;;;;;;;;;
282;Hylaeamys megacephalus;19/04/2023;1.5S;2523;yes;;;;;;;;;;;;;;
283;Hylaeamys megacephalus;19/04/2023;1.3S;2846;not;M;18;;juvenile;27;36.7;67.8;15.9;8.2;21;21.8;;;
284;Hylaeamys megacephalus;20/04/2023;1.5S;2523;yes;;;;;;;;;;;;;;
285;Hylaeamys megacephalus;20/04/2023;2.6S;2573;yes;;;;;;;;;;;;;;
286;Hylaeamys megacephalus;20/04/2023;4.4S;2546;yes;;;;;;;;;;;;;;
287;Hylaeamys megacephalus;20/04/2023;4.5S;2828;yes;;;;;;;;;;;;;;
288;Hylaeamys megacephalus;20/04/2023;2.3S;2829;not;F;41;closed vagina ;;37.6;83.9;107;17.9;16;29.9;27.9;;;
289;Hylaeamys megacephalus;20/04/2023;5.4S;2039;not;F;30;closed vagina ;juvenile;33.9;65.2;93.1;18.2;15.8;29.1;25.2;;;botfly in the inguinal region 
290;Hylaeamys megacephalus;20/04/2023;3.8S;2835;not;F;20;closed vagina ;juvenile;27.9;48.4;69.2;16;12;23;23.7;;;botfly in the inguinal region 
291;Hylaeamys megacephalus;14/06/2023;5.4s;2546;not;M;65;;;37.9;90.6;98.3;19.1;9.6;33.3;28.4;16.8;12.3;
292;Hylaeamys megacephalus;14/06/2023;5.5s;2511;not;F;8;pregnant;;35;91.2;109.2;19.1;11.1;32.3;27.4;;;
293;Hylaeamys megacephalus;14/06/2023;5.2s;2911;not;M;32;;;32.1;73.3;88.8;18.4;11;28.5;27.2;;;
294;Hylaeamys megacephalus;14/06/2023;4.6s;2839;not;F;40;non-reproductive;;30.4;80.1;100.3;19.8;10.7;29.6;27.5;;;
295;Hylaeamys megacephalus;14/06/2023;4.7s;2506;not;F;52;non-reproductive;;35.7;84.2;;17.7;11.6;30.9;27.8;;;tail injury
296;Hylaeamys megacephalus;14/06/2023;3.3s;2828;not;M;66;;;34.8;100.1;102.8;21.1;11.6;35.6;28.6;;;
297;Hylaeamys megacephalus;14/06/2023;3.1s;2907;not;F;51;non-reproductive;;33.6;79.2;56;17.4;12.6;31.1;27.2;;;
298;Hylaeamys megacephalus;14/06/2023;2.3s;2808;not;M;55;;;35.2;92.1;100.8;19.7;12.3;34.8;28.4;10.1;8.5;
299;Hylaeamys megacephalus;14/06/2023;2.7s;2957;not;M;52;;;35.4;85.7;98.5;19.7;13;32.6;26.8;;;
300;Hylaeamys megacephalus;14/06/2023;1.4s;2827;not;F;60;non-reproductive;;25.1;88.5;108;19.5;11.4;30.5;27.4;;;
301;Hylaeamys megacephalus;14/06/2023;1.8s;2502;not;F;40;non-reproductive;;33.1;76.5;95.1;18.3;10;29.9;27.1;;;
302;Hylaeamys megacephalus;15/06/2023;5.4s;2975;not;M;72;;;37.9;74.4;114.5;17.8;12;33.8;26.5;;;
303;Hylaeamys megacephalus;15/06/2023;3.4s;2961;not;F;56;pregnant;;44.6;82.2;112.4;17.6;11.5;31.5;27.3;;;
304;Hylaeamys megacephalus;15/06/2023;1.4s;2958;not;M;70;;;40.4;82;102.4;19.4;9;36;27;;;
305;Hylaeamys megacephalus;15/06/2023;1.7s;2588;not;F;45;non-reproductive;;41.1;87.4;103.6;18.8;13.7;26.9;23.3;;;
306;Hylaeamys megacephalus;15/06/2023;1.1s;2919;not;F;63;;;41.2;97;109.5;16.5;12.2;31.9;26.8;;;
307;Hylaeamys megacephalus;15/06/2023;5.2s;2911;yes;M;32;;;32.1;73.3;88.8;18.4;11;28.5;27.2;;;
308;Hylaeamys megacephalus;15/06/2023;5.5s;2546;yes;M;65;;;37.9;90.6;98.3;19.1;9.6;33.3;28.4;16.8;12.3;
309;Hylaeamys megacephalus;15/06/2023;2.8s;2957;yes;M;52;;;35.4;85.7;98.5;19.7;13;32.6;26.8;;;
310;Hylaeamys megacephalus;15/06/2023;3.6s;2506;yes;F;52;non-reproductive;;35.7;84.2;;17.7;11.6;30.9;27.8;;;
311;Hylaeamys megacephalus;15/06/2023;4.6s;2839;yes;F;40;non-reproductive;;30.4;80.1;100.3;19.8;10.7;29.6;27.5;;;
312;Hylaeamys megacephalus;15/06/2023;2.5s;2828;not;M;66;;;34.8;100.1;102.8;21.1;11.6;35.6;28.6;;;
313;Hylaeamys megacephalus;16/06/2023;3.8s;2962;not;M;;;;37;82.1;111.4;16.5;11.9;34.6;29.4;;;botfly
314;Hylaeamys megacephalus;16/06/2023;1.4a;2827;not;F;64;;;37;91;113.4;18.7;12.4;32.2;27.3;;;
315;Hylaeamys megacephalus;16/06/2023;2.2s;2587;not;M;58;;;33.7;81.7;108.2;18.6;14.3;32.6;29.2;;;
316;Hylaeamys megacephalus;16/06/2023;1.1s;2925;not;M;47;;;35.5;73.3;105.7;17;14.2;29.9;27.1;;;
317;Hylaeamys megacephalus;16/06/2023;3.4s;2961;not;F;56;pregnant ;;44.6;82.2;112.4;17.6;11.5;31.5;27.3;;;
318;Hylaeamys megacephalus;16/06/2023;5.4s;2546;not;M;65;;;37.9;90.6;98.3;19.1;9.6;33.3;28.4;16.8;12.3;
319;Hylaeamys megacephalus;16/06/2023;5.5s;2511;not;F;8;pregnant ;;35;91.2;109.2;19.1;11.1;32.3;27.4;;;
320;Hylaeamys megacephalus;16/06/2023;3.7s;2506;yes;F;52;non-reproductive;;35.7;84.2;;17.7;11.6;30.9;27.8;;;tail injury
321;Hylaeamys megacephalus;16/06/2023;4.5s;2839;not;F;40;non-reproductive;;30.4;80.1;100.3;19.8;10.7;29.6;27.5;;;
322;Hylaeamys megacephalus;16/06/2023;NA;2919;not;F;63;;;41.2;97;109.5;16.5;12.2;31.9;26.8;;;
323;Hylaeamys megacephalus;18/06/2023;3.3s;2905;not;M;24;;;33;66.1;87;17.2;14.1;25.6;26.3;;;
324;Hylaeamys megacephalus;18/06/2023;2.4s;2523;not;F;59;pregnant ;;39.5;77.7;102;18.3;15.4;32.8;26.4;;;
325;Hylaeamys megacephalus;18/06/2023;1.5a;2576;not;F;44;pregnant ;;32.7;81.4;100;18;15.4;29.5;26.7;;;
326;Hylaeamys megacephalus;18/06/2023;1.4a;2893;not;M;57;;;37;87.3;112.4;18.1;16.5;33.1;26.3;;;
327;Hylaeamys megacephalus;18/06/2023;1.1s;2925;yes;M;47;;;35.5;73.3;105.7;17;14.2;29.9;27.1;;;
328;Hylaeamys megacephalus;18/06/2023;1.7s;2502;yes;F;40;non-reproductive;;33.1;76.5;95.1;18.3;10;29.9;27.1;;;
329;Hylaeamys megacephalus;18/06/2023;2.7s;2957;yes;M;52;;;35.4;85.7;98.5;19.7;13;32.6;26.8;;;
330;Hylaeamys megacephalus;18/06/2023;3.1s;2828;yes;M;66;;;34.8;100.1;102.8;21.1;11.6;35.6;28.6;;;
331;Hylaeamys megacephalus;18/06/2023;3.7s;2506;yes;F;52;non-reproductive;;35.7;84.2;;17.7;11.6;30.9;27.8;;;
332;Hylaeamys megacephalus;18/06/2023;3.4s;2961;yes;F;56;pregnant ;;44.6;82.2;112.4;17.6;11.5;31.5;27.3;;;
333;Hylaeamys megacephalus;18/06/2023;4.4s;2546;yes;M;65;;;37.9;90.6;98.3;19.1;9.6;33.3;28.4;16.8;12.3;
334;Hylaeamys megacephalus;18/06/2023;5.3s;2975;yes;M;72;;;37.9;74.4;114.5;17.8;12;33.8;26.5;;;
335;Hylaeamys megacephalus;18/06/2023;5.6s;2511;yes;F;8;pregnant;;35;91.2;109.2;19.1;11.1;32.3;27.4;;;died
336;Hylaeamys megacephalus;18/06/2023;1.4s;2827;yes;F;64;;;37;91;113.4;18.7;12.4;32.2;27.3;;;
337;Hylaeamys megacephalus;18/06/2023;1.5s;2958;yes;M;70;;;40.4;82;102.4;19.4;9;36;27;;;
338;Hylaeamys megacephalus;19/06/2023;3.1s;2903;not;M;36;;;33.9;84.4;100.8;18.7;13.2;26.8;26.8;;;
339;Hylaeamys megacephalus;19/06/2023;4.3s;2579;not;F;25;non-reproductive;;33.5;65.3;80.4;15.5;11.4;27.1;25.8;;;
340;Hylaeamys megacephalus;19/06/2023;2.5s;2574;not;F;40;non-reproductive;;33.4;71.3;94.7;19.9;16.6;31.2;27.4;;;
341;Hylaeamys megacephalus;19/06/2023;1.5a;2523;not;F;52;non-reproductive;;35.2;91.2;115.8;NA;NA;35.8;24.9;;;died
342;Hylaeamys megacephalus;19/06/2023;1.2s;2913;not;M;66;;;35.51;79.7;113.2;18.4;10.8;31.9;26.1;;;
343;Hylaeamys megacephalus;19/06/2023;3.7s;2962;yes;M;;;;37;82.1;111.4;16.5;11.9;34.6;29.4;;;botfly
344;Hylaeamys megacephalus;19/06/2023;4.4s;2546;yes;M;65;;;37.9;90.6;98.3;19.1;9.6;33.3;28.4;16.8;12.3;
345;Hylaeamys megacephalus;19/06/2023;5.7s;2506;yes;F;52;non-reproductive;;35.7;84.2;;17.7;11.6;30.9;27.8;;;
346;Hylaeamys megacephalus;19/06/2023;2.3s;2828;yes;M;66;;;34.8;100.1;102.8;21.1;11.6;35.6;28.6;;;
347;Hylaeamys megacephalus;19/06/2023;2.8s;2957;yes;M;52;;;35.4;85.7;98.5;19.7;13;32.6;26.8;;;died
348;Hylaeamys megacephalus;19/06/2023;1.7s;2502;yes;F;40;non-reproductive;;33.1;76.5;95.1;18.3;10;29.9;27.1;;;died
349;Hylaeamys megacephalus;19/06/2023;1.4s;2827;yes;F;64;;;37;91;113.4;18.7;12.4;32.2;27.3;;;
350;Hylaeamys megacephalus;20/06/2023;3.8s;2581;not;NA;41;;;31.4;74.5;104.9;19.9;11.1;28.3;25.6;;;
351;Hylaeamys megacephalus;20/06/2023;2.8s;2962;yes;M;;;;37;82.1;111.4;16.5;11.9;34.6;29.4;;;botfly
352;Hylaeamys megacephalus;20/06/2023;5.4s;2839;yes;F;40;non-reproductive;;30.4;80.1;100.3;19.8;10.7;29.6;27.5;;;
353;Hylaeamys megacephalus;20/06/2023;2.3s;2828;yes;M;66;;;34.8;100.1;102.8;21.1;11.6;35.6;28.6;;;
354;Hylaeamys megacephalus;20/06/2023;4.7s;2506;yes;F;52;non-reproductive;;35.7;84.2;;17.7;11.6;30.9;27.8;;;died
355;Hylaeamys megacephalus;20/06/2023;3.3s;2961;yes;F;56;pregnant;;44.6;82.2;112.4;17.6;11.5;31.5;27.3;;;died
356;Hylaeamys megacephalus;28/07/2023;3.4s;2839;not;F;45;non-reproductive;;33.9;82.5;103.2;19.8;14.3;32.1;26.3;;;
357;Hylaeamys megacephalus;28/07/2023;3.1s;2907;not;F;63;pregnant;;34.7;79.9;102.5;17.7;11.5;32.4;27.2;;;
358;Hylaeamys megacephalus;28/07/2023;2.3s;5612;not;F;50;pregnant;;33.2;79.6;102.9;19.2;13.1;30.2;26.5;;;lost the earring
359;Hylaeamys megacephalus;28/07/2023;1.5s;2574;not;F;48;non-reproductive;;34.4;80.8;100;20.1;11.2;31.1;27.6;;;ticks colected 
360;Hylaeamys megacephalus;28/07/2023;5.5s;5671;not;F;42;non-reproductive;;34.1;83;93.2;18.7;10.8;31.3;27.1;;;
361;Hylaeamys megacephalus;29/07/2023;5.5s;5671;yes;F;42;non-reproductive;;34.1;83;93.2;18.7;10.8;31.3;27.1;;;
362;Hylaeamys megacephalus;29/07/2023;4.3s;2839;yes;F;45;non-reproductive;;33.9;82.5;103.2;19.8;14.3;32.1;26.3;;;
363;Hylaeamys megacephalus;29/07/2023;1.5s;2574;yes;F;48;non-reproductive;;34.4;80.8;100;20.1;11.2;31.1;27.6;;;ticks colected
364;Hylaeamys megacephalus;29/07/2023;2.3s;5612;yes;F;50;pregnant;;33.2;79.6;102.9;19.2;13.1;30.2;26.5;;;lost the earring
365;Hylaeamys megacephalus;30/07/2023;2.2s;5612;yes;F;50;pregnant ;;33.2;79.6;102.9;19.2;13.1;30.2;26.5;;;lost the earring
366;Hylaeamys megacephalus;30/07/2023;3.3s;2839;yes;F;45;non-reproductive;;33.9;82.5;103.2;19.8;14.3;32.1;26.3;;;
367;Hylaeamys megacephalus;30/07/2023;1.4s;2574;yes;F;48;non-reproductive;;34.4;80.8;100;20.1;11.2;31.1;27.6;;;ticks colected 
368;Hylaeamys megacephalus;31/07/2023;5.5s;5663;not;M;64;;;36.1;83.2;110.6;19.5;11.1;32.3;29.2;;;
369;Hylaeamys megacephalus;31/07/2023;1.3s;2574;yes;F;48;non-reproductive;;34.4;80.8;100;20.1;11.2;31.1;27.6;;;ticks colected 
370;Hylaeamys megacephalus;31/07/2023;2.3s;5612;yes;F;50;pregnant ;;33.2;79.6;102.9;19.2;13.1;30.2;26.5;;;lost the earring
371;Hylaeamys megacephalus;31/07/2023;4.1s;2907;yes;F;63;pregnant;;34.7;79.9;102.5;17.7;11.5;32.4;27.2;;;
372;Hylaeamys megacephalus;31/07/2023;5.6s;5671;yes;F;42;non-reproductive;;34.1;83;93.2;18.7;10.8;31.3;27.1;;;
373;Hylaeamys megacephalus;01/08/2023;3.8s;2962;not;M;62;;;37.1;86.4;118.7;16.6;12.6;32.9;28.4;17.5;12;testículo descido
374;Hylaeamys megacephalus;01/08/2023;1.5s;5626;not;M;61;;;38.3;71.2;100;12.1;7.5;30.4;24.6;;;testículo not descido/not coletou sangue
375;Hylaeamys megacephalus;01/08/2023;5.5s;5671;yes;F;42;non-reproductive;;34.1;83;93.2;18.7;10.8;31.3;27.1;;;
376;Hylaeamys megacephalus;01/08/2023;1.3s;2574;yes;F;48;non-reproductive;;34.4;80.8;100;20.1;11.2;31.1;27.6;;;muitos carrapatos (foram coetados)
377;Hylaeamys megacephalus;01/08/2023;2.3s;5612;yes;F;50;pregnant;;33.2;79.6;102.9;19.2;13.1;30.2;26.5;;;morreu
